{"cameraMode":{"drawMode":0,"name":"Shaded","section":"Shading Mode"},"sceneLighting":true,"audioPlay":false,"sceneViewState":{"m_AlwaysRefresh":false,"showFog":true,"showSkybox":true,"showFlares":true,"showImageEffects":true,"showParticleSystems":true,"showVisualEffectGraphs":true,"m_FxEnabled":false},"in2DMode":false,"pivot":{"x":0.9004448652267456,"y":3.4847517013549806,"z":4.195960521697998},"rotation":{"x":-0.039679646492004397,"y":0.9599679112434387,"z":-0.1821332424879074,"w":-0.2091302126646042},"size":1.1802799701690674,"orthographic":false}