{"cameraMode":{"drawMode":0,"name":"Shaded","section":"Shading Mode"},"sceneLighting":true,"audioPlay":false,"sceneViewState":{"m_AlwaysRefresh":false,"showFog":true,"showSkybox":true,"showFlares":true,"showImageEffects":true,"showParticleSystems":true,"showVisualEffectGraphs":true,"m_FxEnabled":false},"in2DMode":false,"pivot":{"x":-2.4854955673217775,"y":-1.9837150573730469,"z":-0.49768972396850588},"rotation":{"x":0.3055233061313629,"y":-0.20191176235675813,"z":-0.06646490097045899,"w":-0.928158700466156},"size":39.360103607177737,"orthographic":false}