{"cameraMode":{"drawMode":0,"name":"Shaded","section":"Shading Mode"},"sceneLighting":true,"audioPlay":false,"sceneViewState":{"m_AlwaysRefresh":false,"showFog":true,"showSkybox":true,"showFlares":true,"showImageEffects":true,"showParticleSystems":true,"showVisualEffectGraphs":true,"m_FxEnabled":true},"in2DMode":false,"pivot":{"x":-1.3588502407073975,"y":0.7113209962844849,"z":-1.911444067955017},"rotation":{"x":-0.0014064069837331772,"y":-0.961243212223053,"z":-0.0049037206918001179,"w":0.275677889585495},"size":2.8744213581085207,"orthographic":false}