{"cameraMode":{"drawMode":0,"name":"Shaded","section":"Shading Mode"},"sceneLighting":true,"audioPlay":false,"sceneViewState":{"m_AlwaysRefresh":false,"showFog":true,"showSkybox":true,"showFlares":true,"showImageEffects":true,"showParticleSystems":true,"showVisualEffectGraphs":true,"m_FxEnabled":false},"in2DMode":false,"pivot":{"x":-2.4840917587280275,"y":-0.15137702226638795,"z":-0.15441513061523438},"rotation":{"x":0.11946479231119156,"y":-0.8616997003555298,"z":0.23848260939121247,"w":0.4316581189632416},"size":3.2784171104431154,"orthographic":true}